0,0,3141,0,{{time:logotime 2018-10-01 00:00:00.000}},F,0,0,0.1758588084463428,0,0,0,No,0,0,136.76640740125947,71023.33739959952,52557.26967570365,18466.067723895874,M,105.04638786194045,95.97782109164855,29,620,1,0,(haul 3126)
0,0,3142,0,{{time:logotime 2018-10-01 00:00:00.000}},F,0,0,0.17129620484072117,0,0,0,No,0,0,145.61663224880328,82263.12295598017,59229.44852830572,23033.67442767445,M,64.08737908860336,15.955990806333293,48,1136,1,0,(haul 3139)
0,0,3140,0,{{time:logotime 2018-10-01 00:00:00.000}},F,0,0,0.18980695894153862,0,0,0,No,0,0,147.71981812351083,84934.16901685875,62001.94338230689,22932.22563455186,M,53.964340158030744,23.776080682379845,48,1099,1,0,(haul 3136)
0,1,3142,0,{{time:logotime 2018-10-01 00:15:00.000}},F,0,0,0.36572066941121406,0,0,0,No,0,0,145.61663224880328,82263.12295598017,59229.44852830572,23033.67442767445,M,65.2977460098272,16.244914963524238,48,1137,1,0,(haul 3139)
0,1,3141,0,{{time:logotime 2018-10-01 00:15:00.000}},F,0,0,0.332891429517139,0,0,0,No,0,0,136.76640740125947,71023.33739959952,52557.26967570365,18466.067723895874,M,106.46557287565749,96.31703935238727,29,620,1,0,(haul 3126)
0,1,3140,0,{{time:logotime 2018-10-01 00:15:00.000}},F,0,0,0.33656243308614275,0,0,0,No,0,0,147.71981812351083,84934.16901685875,62001.94338230689,22932.22563455186,M,53.13245490698722,22.506265661305612,48,1099,1,0,(haul 3136)
0,2,3141,0,{{time:logotime 2018-10-01 00:30:00.000}},F,96,96,0.4682222984220529,0.45120000000000005,0,0,No,96,0,136.76640740125947,71023.33739959952,52557.26967570365,18466.067723895874,M,107.465476770951,97.00828322467044,29,620,1,0,(haul 3126)
0,2,3142,0,{{time:logotime 2018-10-01 00:30:00.000}},F,96,96,0.4923676501087981,0.45120000000000005,0,0,No,96,0,145.61663224880328,82263.12295598017,59229.44852830572,23033.67442767445,M,65.75061594617624,16.78371581227959,48,1137,1,0,(haul 3139)
0,2,3140,0,{{time:logotime 2018-10-01 00:30:00.000}},F,0,0,0.511703510185846,0,0,0,No,0,0,147.71981812351083,84934.16901685875,62001.94338230689,22932.22563455186,M,52.0058569802329,21.387318210280785,48,1099,1,0,(haul 3136)
0,3,3140,0,{{time:logotime 2018-10-01 00:45:00.000}},LA,0,0,0.747016500207664,0,0,0,No,0,0,147.71981812351083,84934.16901685875,62001.94338230689,22932.22563455186,M,51.75398194732229,21.455728500415226,48,1099,1,0,(haul 3136)
0,3,3142,0,{{time:logotime 2018-10-01 00:45:00.000}},F,96,96,0.6272781247396185,0.45120000000000005,0,0,No,96,0,145.61663224880328,82263.12295598017,59229.44852830572,23033.67442767445,M,66.10649846904086,18.4305335110826,48,1137,1,0,(haul 3139)
0,3,3141,0,{{time:logotime 2018-10-01 00:45:00.000}},F,528,528,0.595995177974155,2.4816000000000003,0,0,No,528,0,136.76640740125947,71023.33739959952,52557.26967570365,18466.067723895874,M,107.46461873706771,97.61758257590456,29,585,1,0,(haul 3126)
0,4,3141,0,{{time:logotime 2018-10-01 01:00:00.000}},F,1056,1056,0.6946958840367164,4.9632000000000005,0,0,No,1056,0,136.76640740125947,71023.33739959952,52557.26967570365,18466.067723895874,M,107.43697441531185,97.67195609434559,29,585,1,0,(haul 3126)
0,4,3140,0,{{time:logotime 2018-10-01 01:00:00.000}},LA,0,0,0.9668797146888669,0,0,0,No,0,0,147.71981812351083,84934.16901685875,62001.94338230689,22932.22563455186,M,51.68728948000367,21.708063822562078,48,1099,1,0,(haul 3136)
0,4,3142,0,{{time:logotime 2018-10-01 01:00:00.000}},F,144,144,0.7021746125108961,0.6768000000000001,0,0,No,144,0,145.61663224880328,82263.12295598017,59229.44852830572,23033.67442767445,M,65.89913660829983,20.06110229999566,48,1137,1,0,(haul 3139)
0,5,3142,0,{{time:logotime 2018-10-01 01:15:00.000}},F,192,192,0.9227851184887961,0.9024000000000001,0,0,No,192,0,145.61663224880328,82263.12295598017,59229.44852830572,23033.67442767445,M,65.85647325345354,20.17164633010632,48,1137,1,0,(haul 3139)
0,5,3140,0,{{time:logotime 2018-10-01 01:15:00.000}},LA,48,48,1.1826516038345238,0.22560000000000002,0,0,No,48,0,147.71981812351083,84934.16901685875,62001.94338230689,22932.22563455186,M,51.46170276668568,21.839333144089956,48,1099,1,0,(haul 3136)
0,5,3141,0,{{time:logotime 2018-10-01 01:15:00.000}},F,1344,1344,0.8003107309014434,6.316800000000001,0,0,No,1344,0,136.76640740125947,71023.33739959952,52557.26967570365,18466.067723895874,M,107.13030663569978,97.85938371563508,29,585,1,0,(haul 3126)
0,6,3140,0,{{time:logotime 2018-10-01 01:30:00.000}},LA,48,48,1.3306615555203138,0.22560000000000002,0,0,No,48,0,147.71981812351083,84934.16901685875,62001.94338230689,22932.22563455186,M,51.20936744453883,21.772640676771342,48,1099,1,0,(haul 3136)
0,6,3141,0,{{time:logotime 2018-10-01 01:30:00.000}},F,2160,2160,0.9003643829555791,10.152000000000001,0,0,No,2160,0,136.76640740125947,71023.33739959952,52557.26967570365,18466.067723895874,M,106.53384241361917,98.09222695628868,29,585,1,0,(haul 3126)
0,6,3142,0,{{time:logotime 2018-10-01 01:30:00.000}},F,240,240,1.0387423046424504,1.1280000000000001,0,0,No,240,0,145.61663224880328,82263.12295598017,59229.44852830572,23033.67442767445,M,65.82019320772721,20.309648187153414,48,1137,1,0,(haul 3139)
0,7,3141,0,{{time:logotime 2018-10-01 01:45:00.000}},SRS,0,2976,1.07137850355929,13.987200000000001,0,0,No,2976,0,136.76640740125947,71023.33739959952,52557.26967570365,18466.067723895874,M,105.4569724551333,98.22711555606318,29,585,1,3,(haul 3126)
0,7,3142,0,{{time:logotime 2018-10-01 01:45:00.000}},F,432,432,1.164494636806472,2.0304,0,0,No,432,0,145.61663224880328,82263.12295598017,59229.44852830572,23033.67442767445,M,65.86910021382515,21.686220670598736,48,1102,1,0,(haul 3139)
0,7,3140,0,{{time:logotime 2018-10-01 01:45:00.000}},LA,48,48,1.4526315838407668,0.22560000000000002,0,0,No,48,0,147.71981812351083,84934.16901685875,62001.94338230689,22932.22563455186,M,51.07809812301095,21.547053963453358,48,1099,1,0,(haul 3136)
0,8,3141,0,{{time:logotime 2018-10-01 02:00:00.000}},SRS,0,2976,1.214341067982234,13.987200000000001,0,0,No,2976,0,136.76640740125947,71023.33739959952,52557.26967570365,18466.067723895874,M,105.4569724551333,98.22711555606318,29,585,1,2,(haul 3126)
0,8,3142,0,{{time:logotime 2018-10-01 02:00:00.000}},F,480,480,1.3430286647510727,2.2560000000000002,0,0,No,480,0,145.61663224880328,82263.12295598017,59229.44852830572,23033.67442767445,M,65.86543956712528,21.92207838341276,48,1102,1,0,(haul 3139)
0,8,3140,0,{{time:logotime 2018-10-01 02:00:00.000}},LA,48,48,1.6311990456928445,0.22560000000000002,0,0,No,48,0,147.71981812351083,84934.16901685875,62001.94338230689,22932.22563455186,M,51.14479059032957,21.294718641306506,48,1099,1,0,(haul 3136)
0,9,3142,0,{{time:logotime 2018-10-01 02:15:00.000}},F,480,480,1.5850010030540802,2.2560000000000002,0,0,No,480,0,145.61663224880328,82263.12295598017,59229.44852830572,23033.67442767445,M,66.02382442618743,23.164894392879983,48,1102,1,0,(haul 3139)
0,9,3141,0,{{time:logotime 2018-10-01 02:15:00.000}},SRS,0,2976,1.3733914742698077,13.987200000000001,0,0,No,2976,0,136.76640740125947,71023.33739959952,52557.26967570365,18466.067723895874,M,105.4569724551333,98.22711555606318,29,585,1,1,(haul 3126)
0,9,3140,0,{{time:logotime 2018-10-01 02:15:00.000}},F,48,48,1.7914238393299247,0.22560000000000002,0,0,No,48,0,147.71981812351083,84934.16901685875,62001.94338230689,22932.22563455186,M,51.62072627090398,21.0385841061907,48,1099,1,0,(haul 3136)
0,10,3140,0,{{time:logotime 2018-10-01 02:30:00.000}},F,48,48,1.9665857104549185,0.22560000000000002,0,0,No,48,0,147.71981812351083,84934.16901685875,62001.94338230689,22932.22563455186,M,52.92252951382302,20.778166211263027,48,1099,1,0,(haul 3136)
0,10,3141,0,{{time:logotime 2018-10-01 02:30:00.000}},SRS,0,2976,1.5130432288529225,13.987200000000001,0,0,No,2976,0,136.76640740125947,71023.33739959952,52557.26967570365,18466.067723895874,M,105.4569724551333,98.22711555606318,29,585,1,0,(haul 3126)
0,10,3142,0,{{time:logotime 2018-10-01 02:30:00.000}},F,528,528,1.7504055723038603,2.4816000000000003,0,0,No,528,0,145.61663224880328,82263.12295598017,59229.44852830572,23033.67442767445,M,66.19239768742767,23.947318642229487,48,1102,1,0,(haul 3139)
0,11,3140,0,{{time:logotime 2018-10-01 02:45:00.000}},F,96,96,2.0480256542703748,0.45120000000000005,0,0,No,96,0,147.71981812351083,84934.16901685875,62001.94338230689,22932.22563455186,M,54.15748088697206,20.444048552617435,48,1134,1,0,(haul 3136)
0,11,3142,0,{{time:logotime 2018-10-01 02:45:00.000}},F,672,672,1.8218225291351486,3.1584000000000003,0,0,No,672,0,145.61663224880328,82263.12295598017,59229.44852830572,23033.67442767445,M,66.80216261217942,24.951087180698604,48,1102,1,0,(haul 3139)
0,11,3141,0,{{time:logotime 2018-10-01 02:45:00.000}},LA,0,2976,1.6614420228861158,13.987200000000001,0,0,No,2976,0,136.76640740125947,71023.33739959952,52557.26967570365,18466.067723895874,M,105.05637947637548,98.47879379288324,29,585,1,0,(haul 3126)
0,12,3140,0,{{time:logotime 2018-10-01 03:00:00.000}},F,144,144,2.2169328902571657,0.6768000000000001,0,0,No,144,0,147.71981812351083,84934.16901685875,62001.94338230689,22932.22563455186,M,54.22902415211097,20.412278180971335,48,1134,1,0,(haul 3136)
0,12,3142,0,{{time:logotime 2018-10-01 03:00:00.000}},F,720,720,1.9978484708778792,3.3840000000000003,0,0,No,720,0,145.61663224880328,82263.12295598017,59229.44852830572,23033.67442767445,M,67.81353053283091,25.90144932564035,41,1067,1,0,(haul 3139)
0,12,3141,0,{{time:logotime 2018-10-01 03:00:00.000}},LA,96,3072,1.80000217421176,14.438400000000001,0,0,No,3072,0,136.76640740125947,71023.33739959952,52557.26967570365,18466.067723895874,M,104.91476273160664,98.69803269819221,29,585,1,0,(haul 3126)
0,13,3140,0,{{time:logotime 2018-10-01 03:15:00.000}},F,144,144,2.3257289509270125,0.6768000000000001,0,0,No,144,0,147.71981812351083,84934.16901685875,62001.94338230689,22932.22563455186,M,55.385188563379415,19.65994868788209,48,1135,1,0,(haul 3136)
0,13,3141,0,{{time:logotime 2018-10-01 03:15:00.000}},LA,528,3504,1.9358703753625388,16.4688,0,0,No,3504,0,136.76640740125947,71023.33739959952,52557.26967570365,18466.067723895874,M,104.62390526091598,99.01146760389099,29,585,1,0,(haul 3126)
0,13,3142,0,{{time:logotime 2018-10-01 03:15:00.000}},F,864,864,2.1301569831688147,4.0608,0,0,No,864,0,145.61663224880328,82263.12295598017,59229.44852830572,23033.67442767445,M,68.5043965308155,26.168213507191673,41,1067,1,0,(haul 3139)
0,14,3142,0,{{time:logotime 2018-10-01 03:30:00.000}},F,912,912,2.309138250635237,4.2864,0,0,No,912,0,145.61663224880328,82263.12295598017,59229.44852830572,23033.67442767445,M,69.1507940893823,26.25926334050795,41,1067,1,0,(haul 3139)
0,14,3140,0,{{time:logotime 2018-10-01 03:30:00.000}},F,192,192,2.458816190193601,0.9024000000000001,0,0,No,192,0,147.71981812351083,84934.16901685875,62001.94338230689,22932.22563455186,M,56.278699643489965,18.9573603762893,48,1135,1,0,(haul 3136)
0,14,3141,0,{{time:logotime 2018-10-01 03:30:00.000}},LA,672,3648,2.0326913081473807,17.1456,0,0,No,3648,0,136.76640740125947,71023.33739959952,52557.26967570365,18466.067723895874,M,104.58821126742481,99.27001535350149,29,585,1,0,(haul 3126)
0,15,3142,0,{{time:logotime 2018-10-01 03:45:00.000}},F,1008,1008,2.487283604512769,4.7376000000000005,0,0,No,1008,0,145.61663224880328,82263.12295598017,59229.44852830572,23033.67442767445,M,69.19523242907601,26.264115264186223,41,1067,1,0,(haul 3139)
0,15,3141,0,{{time:logotime 2018-10-01 03:45:00.000}},LA,1104,4080,2.2110559645169716,19.176000000000002,0,0,No,4080,0,136.76640740125947,71023.33739959952,52557.26967570365,18466.067723895874,M,104.38015093556947,99.42759675566636,29,585,1,0,(haul 3126)
0,15,3140,0,{{time:logotime 2018-10-01 03:45:00.000}},F,192,192,2.637434230706738,0.9024000000000001,0,0,No,192,0,147.71981812351083,84934.16901685875,62001.94338230689,22932.22563455186,M,56.2792305029991,18.9568423933835,48,1135,1,0,(haul 3136)
0,16,3141,0,{{time:logotime 2018-10-01 04:00:00.000}},LA,1248,4224,2.3980514343806068,19.852800000000002,0,0,No,4224,0,136.76640740125947,71023.33739959952,52557.26967570365,18466.067723895874,M,104.12160318595897,99.39190276217519,29,585,1,0,(haul 3126)
0,16,3142,0,{{time:logotime 2018-10-01 04:00:00.000}},F,1200,1200,2.5883733500516852,5.640000000000001,0,0,No,1200,0,145.61663224880328,82263.12295598017,59229.44852830572,23033.67442767445,M,69.32538376732461,26.284680378824778,41,1067,1,0,(haul 3139)
0,16,3140,0,{{time:logotime 2018-10-01 04:00:00.000}},F,192,192,2.7960801196619136,0.9024000000000001,0,0,No,192,0,147.71981812351083,84934.16901685875,62001.94338230689,22932.22563455186,M,57.10441901559652,17.698638673326034,48,1135,1,0,(haul 3136)
0,17,3140,0,{{time:logotime 2018-10-01 04:15:00.000}},F,192,192,2.9465084876255134,0.9024000000000001,0,0,No,192,0,147.71981812351083,84934.16901685875,62001.94338230689,22932.22563455186,M,57.63983642127434,16.33258518636903,48,1135,1,0,(haul 3136)
0,17,3141,0,{{time:logotime 2018-10-01 04:15:00.000}},LA,1440,4416,2.4904054742653576,20.755200000000002,0,0,No,4416,0,136.76640740125947,71023.33739959952,52557.26967570365,18466.067723895874,M,104.89860516817589,99.24049966336642,29,585,1,0,(haul 3126)
0,17,3142,0,{{time:logotime 2018-10-01 04:15:00.000}},F,1296,1296,2.713198314049904,6.091200000000001,0,0,No,1296,0,145.61663224880328,82263.12295598017,59229.44852830572,23033.67442767445,M,70.20720356830493,26.303839676650902,41,1068,1,0,(haul 3139)
0,18,3140,0,{{time:logotime 2018-10-01 04:30:00.000}},LA,192,192,3.027355103305685,0.9024000000000001,0,0,No,192,0,147.71981812351083,84934.16901685875,62001.94338230689,22932.22563455186,M,57.73507957779462,16.089583661402514,48,1135,1,0,(haul 3136)
0,18,3141,0,{{time:logotime 2018-10-01 04:30:00.000}},LA,1584,4560,2.5931130360171384,21.432000000000002,0,0,No,4560,0,136.76640740125947,71023.33739959952,52557.26967570365,18466.067723895874,M,104.73911824812912,99.73545228758402,29,585,1,0,(haul 3126)
0,18,3142,0,{{time:logotime 2018-10-01 04:30:00.000}},F,1536,1536,2.946024236309324,7.219200000000001,0,0,No,1536,0,145.61663224880328,82263.12295598017,59229.44852830572,23033.67442767445,M,70.54229711125534,26.34691411803119,41,1068,1,0,(haul 3139)
0,19,3141,0,{{time:logotime 2018-10-01 04:45:00.000}},LA,1776,4752,2.739427375784556,22.334400000000002,0,0,No,4752,0,136.76640740125947,71023.33739959952,52557.26967570365,18466.067723895874,M,104.68102615990645,99.9899052484352,29,585,1,0,(haul 3126)
0,19,3142,0,{{time:logotime 2018-10-01 04:45:00.000}},F,1536,1536,3.0935445548605705,7.219200000000001,0,0,No,1536,0,145.61663224880328,82263.12295598017,59229.44852830572,23033.67442767445,M,72.15386364380231,26.983842876451593,41,1068,1,0,(haul 3139)
0,19,3140,0,{{time:logotime 2018-10-01 04:45:00.000}},LA,240,240,3.1821824684874516,1.1280000000000001,0,0,No,240,0,147.71981812351083,84934.16901685875,62001.94338230689,22932.22563455186,M,57.97425468577422,15.985102717097122,48,1135,1,0,(haul 3136)
0,20,3142,0,{{time:logotime 2018-10-01 05:00:00.000}},F,1728,1728,3.3218736145950265,8.1216,0,0,No,1728,0,145.61663224880328,82263.12295598017,59229.44852830572,23033.67442767445,M,72.54509942375445,27.304087162019428,41,1068,1,0,(haul 3139)
0,20,3141,0,{{time:logotime 2018-10-01 05:00:00.000}},LA,1824,4800,2.8898278987634307,22.560000000000002,0,0,No,4800,0,136.76640740125947,71023.33739959952,52557.26967570365,18466.067723895874,M,104.46002343628005,100.12875335303053,29,585,1,0,(haul 3126)
0,20,3140,0,{{time:logotime 2018-10-01 05:00:00.000}},LA,240,240,3.3738160428755575,1.1280000000000001,0,0,No,240,0,147.71981812351083,84934.16901685875,62001.94338230689,22932.22563455186,M,58.217256210740736,16.080345873617407,48,1135,1,0,(haul 3136)
0,21,3142,0,{{time:logotime 2018-10-01 05:15:00.000}},F,1776,1776,3.5316349984091797,8.3472,0,0,No,1776,0,145.61663224880328,82263.12295598017,59229.44852830572,23033.67442767445,M,72.70283657875373,27.723282494925698,41,1068,1,0,(haul 3139)
0,21,3140,0,{{time:logotime 2018-10-01 05:15:00.000}},F,288,288,3.506136457475632,1.3536000000000001,0,0,No,288,0,147.71981812351083,84934.16901685875,62001.94338230689,22932.22563455186,M,58.29045902767462,16.236219056837783,48,1135,1,0,(haul 3136)
0,21,3141,0,{{time:logotime 2018-10-01 05:15:00.000}},LA,1920,4896,3.0289045840030533,23.011200000000002,0,0,No,4896,0,136.76640740125947,71023.33739959952,52557.26967570365,18466.067723895874,M,104.44607013879529,100.17205609663198,29,585,1,0,(haul 3126)
0,22,3140,0,{{time:logotime 2018-10-01 05:30:00.000}},F,288,288,3.6581060557728047,1.3536000000000001,0,0,No,288,0,147.71981812351083,84934.16901685875,62001.94338230689,22932.22563455186,M,58.33276339700279,16.408158862477247,48,1135,1,0,(haul 3136)
0,22,3142,0,{{time:logotime 2018-10-01 05:30:00.000}},F,1824,1824,3.7051159423373385,8.5728,0,0,No,1824,0,145.61663224880328,82263.12295598017,59229.44852830572,23033.67442767445,M,72.6330711532825,28.630415503772834,41,1068,1,0,(haul 3139)
0,22,3141,0,{{time:logotime 2018-10-01 05:30:00.000}},LA,2064,5040,3.1934487416038717,23.688000000000002,0,0,No,5040,0,136.76640740125947,71023.33739959952,52557.26967570365,18466.067723895874,M,104.68656980216171,100.27345092845609,29,585,1,0,(haul 3126)
0,23,3142,0,{{time:logotime 2018-10-01 05:45:00.000}},F,2016,2016,3.8001679219279576,9.475200000000001,0,0,No,2016,0,145.61663224880328,82263.12295598017,59229.44852830572,23033.67442767445,M,72.6183719313952,28.655951905467074,41,1068,1,0,(haul 3139)
0,23,3141,0,{{time:logotime 2018-10-01 05:45:00.000}},LA,2256,5232,3.3028965303627795,24.590400000000002,0,0,No,5232,0,136.76640740125947,71023.33739959952,52557.26967570365,18466.067723895874,M,105.04574979710476,100.50546222042199,29,585,1,0,(haul 3126)
0,23,3140,0,{{time:logotime 2018-10-01 05:45:00.000}},F,288,288,3.805688773465504,1.3536000000000001,0,0,No,288,0,147.71981812351083,84934.16901685875,62001.94338230689,22932.22563455186,M,58.385166992993874,16.62808698861827,48,1135,1,0,(haul 3136)
0,24,3141,0,{{time:logotime 2018-10-01 06:00:00.000}},SRS,0,5472,3.3917835275582613,25.718400000000003,0,0,No,5472,0,136.76640740125947,71023.33739959952,52557.26967570365,18466.067723895874,M,105.05674523091008,100.50811791082367,29,585,1,4,(haul 3126)
0,24,3140,0,{{time:logotime 2018-10-01 06:00:00.000}},F,384,384,3.89513034169029,1.8048000000000002,0,0,No,384,0,147.71981812351083,84934.16901685875,62001.94338230689,22932.22563455186,M,58.461052530693856,16.91312223367255,48,1135,1,0,(haul 3136)
0,24,3142,0,{{time:logotime 2018-10-01 06:00:00.000}},F,2064,2064,3.9612419420010982,9.700800000000001,0,0,No,2064,0,145.61663224880328,82263.12295598017,59229.44852830572,23033.67442767445,M,72.0212891271782,29.262098085435223,41,1068,1,0,(haul 3139)
0,25,3140,0,{{time:logotime 2018-10-01 06:15:00.000}},F,384,384,4.127472009621937,1.8048000000000002,0,0,No,384,0,147.71981812351083,84934.16901685875,62001.94338230689,22932.22563455186,M,59.03380231882005,17.835686014579878,48,1135,1,0,(haul 3136)
0,25,3141,0,{{time:logotime 2018-10-01 06:15:00.000}},SRS,0,5472,3.530388056367319,25.718400000000003,0,0,No,5472,0,136.76640740125947,71023.33739959952,52557.26967570365,18466.067723895874,M,105.05674523091008,100.50811791082367,29,585,1,3,(haul 3126)
0,25,3142,0,{{time:logotime 2018-10-01 06:15:00.000}},F,2112,2112,4.119767269662162,9.926400000000001,0,0,No,2112,0,145.61663224880328,82263.12295598017,59229.44852830572,23033.67442767445,M,71.47572466165443,29.8826683877542,41,1068,1,0,(haul 3139)
0,26,3141,0,{{time:logotime 2018-10-01 06:30:00.000}},SRS,0,5472,3.6961317068739805,25.718400000000003,0,0,No,5472,0,136.76640740125947,71023.33739959952,52557.26967570365,18466.067723895874,M,105.05674523091008,100.50811791082367,29,585,1,2,(haul 3126)
0,26,3140,0,{{time:logotime 2018-10-01 06:30:00.000}},F,384,384,4.265041624438776,1.8048000000000002,0,0,No,384,0,147.71981812351083,84934.16901685875,62001.94338230689,22932.22563455186,M,59.670295337807694,18.585699622036355,48,1136,1,0,(haul 3136)
0,26,3142,0,{{time:logotime 2018-10-01 06:30:00.000}},F,2208,2208,4.27395792800708,10.377600000000001,0,0,No,2208,0,145.61663224880328,82263.12295598017,59229.44852830572,23033.67442767445,M,70.606330872458,30.77334941640757,41,1033,1,0,(haul 3139)
0,27,3142,0,{{time:logotime 2018-10-01 06:45:00.000}},F,2208,2208,4.388387528154638,10.377600000000001,0,0,No,2208,0,145.61663224880328,82263.12295598017,59229.44852830572,23033.67442767445,M,70.56066177054828,30.807399432988127,41,1033,1,0,(haul 3139)
0,27,3140,0,{{time:logotime 2018-10-01 06:45:00.000}},F,384,384,4.391912442535478,1.8048000000000002,0,0,No,384,0,147.71981812351083,84934.16901685875,62001.94338230689,22932.22563455186,M,60.81183476054645,19.92327779739176,48,1136,1,0,(haul 3136)
0,27,3141,0,{{time:logotime 2018-10-01 06:45:00.000}},SRS,0,5472,3.8422260284364547,25.718400000000003,0,0,No,5472,0,136.76640740125947,71023.33739959952,52557.26967570365,18466.067723895874,M,105.05674523091008,100.50811791082367,29,585,1,1,(haul 3126)
0,28,3141,0,{{time:logotime 2018-10-01 07:00:00.000}},SRS,0,5472,4.00188876085543,25.718400000000003,0,0,No,5472,0,136.76640740125947,71023.33739959952,52557.26967570365,18466.067723895874,M,105.05674523091008,100.50811791082367,29,585,1,0,(haul 3126)
0,28,3142,0,{{time:logotime 2018-10-01 07:00:00.000}},F,2256,2256,4.516842049333282,10.603200000000001,0,0,No,2256,0,145.61663224880328,82263.12295598017,59229.44852830572,23033.67442767445,M,69.74221669869043,31.369149855307153,41,1033,1,0,(haul 3139)
0,28,3140,0,{{time:logotime 2018-10-01 07:00:00.000}},F,384,384,4.529697626162402,1.8048000000000002,0,0,No,384,0,147.71981812351083,84934.16901685875,62001.94338230689,22932.22563455186,M,60.84175877776424,19.952818885676134,48,1136,1,0,(haul 3136)
0,29,3142,0,{{time:logotime 2018-10-01 07:15:00.000}},F,2352,2352,4.7241424582421105,11.054400000000001,0,0,No,2352,0,145.61663224880328,82263.12295598017,59229.44852830572,23033.67442767445,M,68.38786995844725,32.029566692954816,41,1032,1,0,(haul 3139)
0,29,3140,0,{{time:logotime 2018-10-01 07:15:00.000}},F,384,384,4.737322971377759,1.8048000000000002,0,0,No,384,0,147.71981812351083,84934.16901685875,62001.94338230689,22932.22563455186,M,61.11382622552298,20.35159616255102,48,1136,1,0,(haul 3136)
0,29,3141,0,{{time:logotime 2018-10-01 07:15:00.000}},F,192,5664,4.162356372407036,26.620800000000003,0,0,No,5664,0,136.76640740125947,71023.33739959952,52557.26967570365,18466.067723895874,M,106.27859493260087,101.01876832595872,29,585,1,0,(haul 3126)
0,30,3140,0,{{time:logotime 2018-10-01 07:30:00.000}},F,432,432,4.85445171318457,2.0304,0,0,No,432,0,147.71981812351083,84934.16901685875,62001.94338230689,22932.22563455186,M,61.12254722700139,20.44847855735778,48,1136,1,0,(haul 3136)
0,30,3142,0,{{time:logotime 2018-10-01 07:30:00.000}},F,2544,2544,4.856287490470181,11.956800000000001,0,0,No,2544,0,145.61663224880328,82263.12295598017,59229.44852830572,23033.67442767445,M,67.94388700533153,32.09926061204844,41,1032,1,0,(haul 3139)
0,30,3141,0,{{time:logotime 2018-10-01 07:30:00.000}},F,432,5904,4.313572955261977,27.748800000000003,0,0,No,5904,0,136.76640740125947,71023.33739959952,52557.26967570365,18466.067723895874,M,107.36069408271234,101.1161724638985,29,585,1,0,(haul 3126)
0,31,3140,0,{{time:logotime 2018-10-01 07:45:00.000}},F,432,432,4.984358369814881,2.0304,0,0,No,432,0,147.71981812351083,84934.16901685875,62001.94338230689,22932.22563455186,M,60.91462995770572,21.34208844181167,48,1101,1,0,(haul 3136)
0,31,3141,0,{{time:logotime 2018-10-01 07:45:00.000}},F,1200,6672,4.445552002275765,31.358400000000003,0,0,No,6672,0,136.76640740125947,71023.33739959952,52557.26967570365,18466.067723895874,M,107.6568877785977,101.01373808435572,29,585,1,0,(haul 3126)
0,31,3142,0,{{time:logotime 2018-10-01 07:45:00.000}},SRS,0,2784,5.041899165574315,13.084800000000001,0,0,No,2784,0,145.61663224880328,82263.12295598017,59229.44852830572,23033.67442767445,M,67.82704874979969,32.07001286766259,41,1032,1,4,(haul 3139)
0,32,3140,1,{{time:logotime 2018-10-01 08:00:00.000}},F,480,480,0,0.22560000000000002,-3.0376987694592312,1,No,480,0,147.71981812351083,84837.79532493428,62001.94338230689,22835.851942627392,M,60.42465388567226,21.971439989267527,48,1101,1,0,(haul 3136)
0,32,3141,1,{{time:logotime 2018-10-01 08:00:00.000}},LRS,0,7440,0,3.6096000000000004,26.793383202091533,0,No,0,5.590385385173238,136.76640740125947,71631.81094566252,52557.26967570365,19074.541269958878,M,107.92617695491806,100.76339135315008,29,585,1,12,(haul 3126)
0,32,3142,1,{{time:logotime 2018-10-01 08:00:00.000}},SRS,0,2784,0,0,7.880547429910582,0,No,2784,0,145.61663224880328,82429.39058827453,59229.44852830572,23199.942059968806,M,67.82704874979969,32.07001286766259,41,1032,1,3,(haul 3139)
0,33,3141,1,{{time:logotime 2018-10-01 08:15:00.000}},LRS,0,7440,0.7341700443295714,3.6096000000000004,26.793383202091533,0,No,0,5.590385385173238,136.76640740125947,71631.81094566252,52557.26967570365,19074.541269958878,M,107.92617695491806,100.76339135315008,29,585,1,11,(haul 3126)
0,33,3142,1,{{time:logotime 2018-10-01 08:15:00.000}},SRS,0,2784,0.18630064165109037,0,7.880547429910582,0,No,2784,0,145.61663224880328,82429.39058827453,59229.44852830572,23199.942059968806,M,67.82704874979969,32.07001286766259,41,1032,1,2,(haul 3139)
0,33,3140,1,{{time:logotime 2018-10-01 08:15:00.000}},F,624,624,0.13726811253760804,0.9024000000000001,-3.0376987694592312,1,No,624,0,147.71981812351083,84837.79532493428,62001.94338230689,22835.851942627392,M,59.15559276796329,22.973661208708613,48,1100,1,0,(haul 3136)
0,34,3140,1,{{time:logotime 2018-10-01 08:30:00.000}},F,672,672,0.22523169072332147,1.1280000000000001,-3.0376987694592312,1,No,672,0,147.71981812351083,84837.79532493428,62001.94338230689,22835.851942627392,M,57.69061435933002,23.507938550420665,48,1100,1,0,(haul 3136)
0,34,3141,1,{{time:logotime 2018-10-01 08:30:00.000}},LRS,0,7440,1.1827073580794403,3.6096000000000004,26.793383202091533,0,No,0,5.590385385173238,136.76640740125947,71631.81094566252,52557.26967570365,19074.541269958878,M,107.92617695491806,100.76339135315008,29,585,1,10,(haul 3126)
0,34,3142,1,{{time:logotime 2018-10-01 08:30:00.000}},SRS,0,2784,0.3706742692196192,0,7.880547429910582,0,No,2784,0,145.61663224880328,82429.39058827453,59229.44852830572,23199.942059968806,M,67.82704874979969,32.07001286766259,41,1032,1,1,(haul 3139)
0,35,3141,1,{{time:logotime 2018-10-01 08:45:00.000}},LRS,0,7440,1.6869358465490332,3.6096000000000004,26.793383202091533,0,No,0,5.590385385173238,136.76640740125947,71631.81094566252,52557.26967570365,19074.541269958878,M,107.92617695491806,100.76339135315008,29,585,1,9,(haul 3126)
0,35,3140,1,{{time:logotime 2018-10-01 08:45:00.000}},LA,720,720,0.28781651342151876,1.3536000000000001,-3.0376987694592312,1,No,720,0,147.71981812351083,84837.79532493428,62001.94338230689,22835.851942627392,M,57.61330843772353,23.797193258450793,48,1100,1,0,(haul 3136)
0,35,3142,1,{{time:logotime 2018-10-01 08:45:00.000}},SRS,0,2784,0.5394120193442559,0,7.880547429910582,0,No,2784,0,145.61663224880328,82429.39058827453,59229.44852830572,23199.942059968806,M,67.82704874979969,32.07001286766259,41,1032,1,0,(haul 3139)
0,36,3141,1,{{time:logotime 2018-10-01 09:00:00.000}},LRS,0,7440,2.178502018495684,3.6096000000000004,26.793383202091533,0,No,0,5.590385385173238,136.76640740125947,71631.81094566252,52557.26967570365,19074.541269958878,M,107.92617695491806,100.76339135315008,29,585,1,8,(haul 3126)
0,36,3142,1,{{time:logotime 2018-10-01 09:00:00.000}},F,192,2976,0.7329746522362772,0.9024000000000001,7.880547429910582,0,No,2976,0,145.61663224880328,82429.39058827453,59229.44852830572,23199.942059968806,M,66.46310930514643,31.203045085636415,41,1032,1,0,(haul 3139)
0,36,3140,1,{{time:logotime 2018-10-01 09:00:00.000}},LA,720,720,0.4222250477240681,1.3536000000000001,-3.0376987694592312,1,No,720,0,147.71981812351083,84837.79532493428,62001.94338230689,22835.851942627392,M,58.02652196242487,24.086132034087246,48,1100,1,0,(haul 3136)
0,37,3140,1,{{time:logotime 2018-10-01 09:15:00.000}},F,720,720,0.5926111566725272,1.3536000000000001,-3.0376987694592312,1,No,720,0,147.71981812351083,84837.79532493428,62001.94338230689,22835.851942627392,M,58.0322132248595,24.092701023102187,48,1100,1,0,(haul 3136)
0,37,3142,1,{{time:logotime 2018-10-01 09:15:00.000}},F,336,3120,0.8869223938196866,1.5792000000000002,7.880547429910582,0,No,3120,0,145.61663224880328,82429.39058827453,59229.44852830572,23199.942059968806,M,66.20004020307384,30.842504202691753,41,1032,1,0,(haul 3139)
0,37,3141,1,{{time:logotime 2018-10-01 09:15:00.000}},LRS,0,7440,2.764983110211127,3.6096000000000004,26.793383202091533,0,No,0,5.590385385173238,136.76640740125947,71631.81094566252,52557.26967570365,19074.541269958878,M,107.92617695491806,100.76339135315008,29,585,1,7,(haul 3126)
0,38,3140,1,{{time:logotime 2018-10-01 09:30:00.000}},LA,720,720,0.7967967455063119,1.3536000000000001,-3.0376987694592312,1,No,720,0,147.71981812351083,84837.79532493428,62001.94338230689,22835.851942627392,M,58.2031181728474,24.28996353538785,48,1100,1,0,(haul 3136)
0,38,3142,1,{{time:logotime 2018-10-01 09:30:00.000}},F,432,3216,1.0780238383069594,2.0304,7.880547429910582,0,No,3216,0,145.61663224880328,82429.39058827453,59229.44852830572,23199.942059968806,M,65.98422292666248,29.223293038153617,41,1067,1,0,(haul 3139)
0,38,3141,1,{{time:logotime 2018-10-01 09:30:00.000}},LRS,0,7440,3.1195523717300557,3.6096000000000004,26.793383202091533,0,No,0,5.590385385173238,136.76640740125947,71631.81094566252,52557.26967570365,19074.541269958878,M,107.92617695491806,100.76339135315008,29,585,1,6,(haul 3126)
0,39,3141,1,{{time:logotime 2018-10-01 09:45:00.000}},LRS,0,7440,3.727888507459673,3.6096000000000004,26.793383202091533,0,No,0,5.590385385173238,136.76640740125947,71631.81094566252,52557.26967570365,19074.541269958878,M,107.92617695491806,100.76339135315008,29,585,1,5,(haul 3126)
0,39,3140,1,{{time:logotime 2018-10-01 09:45:00.000}},LA,720,720,0.8982712530431599,1.3536000000000001,-3.0376987694592312,1,No,720,0,147.71981812351083,84837.79532493428,62001.94338230689,22835.851942627392,M,58.44409560161893,24.523445234458592,48,1100,1,0,(haul 3136)
0,39,3142,1,{{time:logotime 2018-10-01 09:45:00.000}},F,480,3264,1.224325982260098,2.2560000000000002,7.880547429910582,0,No,3264,0,145.61663224880328,82429.39058827453,59229.44852830572,23199.942059968806,M,65.99051141323099,29.194284175854392,41,1067,1,0,(haul 3139)
0,40,3141,1,{{time:logotime 2018-10-01 10:00:00.000}},LRS,0,7440,4.164727281823245,3.6096000000000004,26.793383202091533,0,No,0,5.590385385173238,136.76640740125947,71631.81094566252,52557.26967570365,19074.541269958878,M,107.92617695491806,100.76339135315008,29,585,1,4,(haul 3126)
0,40,3140,1,{{time:logotime 2018-10-01 10:00:00.000}},F,720,720,1.06538600937588,1.3536000000000001,-3.0376987694592312,1,No,720,0,147.71981812351083,84837.79532493428,62001.94338230689,22835.851942627392,M,59.682352764806005,24.786117518480886,48,1101,1,0,(haul 3136)
0,40,3142,1,{{time:logotime 2018-10-01 10:00:00.000}},F,528,3312,1.3636094825920888,2.4816000000000003,7.880547429910582,0,No,3312,0,145.61663224880328,82429.39058827453,59229.44852830572,23199.942059968806,M,66.09286932742707,28.6027133866255,41,1067,1,0,(haul 3139)
0,41,3141,1,{{time:logotime 2018-10-01 10:15:00.000}},LRS,0,7440,4.760745848442555,3.6096000000000004,26.793383202091533,0,No,0,5.590385385173238,136.76640740125947,71631.81094566252,52557.26967570365,19074.541269958878,M,107.92617695491806,100.76339135315008,29,585,1,3,(haul 3126)
0,41,3140,1,{{time:logotime 2018-10-01 10:15:00.000}},LA,720,720,1.1747581090380625,1.3536000000000001,-3.0376987694592312,1,No,720,0,147.71981812351083,84837.79532493428,62001.94338230689,22835.851942627392,M,60.112235408684164,24.64624646181682,48,1101,1,0,(haul 3136)
0,41,3142,1,{{time:logotime 2018-10-01 10:15:00.000}},F,672,3456,1.4926215791476578,3.1584000000000003,7.880547429910582,0,No,3456,0,145.61663224880328,82429.39058827453,59229.44852830572,23199.942059968806,M,66.06211095599849,28.132439026213458,41,1067,1,0,(haul 3139)
0,42,3140,1,{{time:logotime 2018-10-01 10:30:00.000}},F,720,720,1.3608517794046218,1.3536000000000001,-3.0376987694592312,1,No,720,0,147.71981812351083,84837.79532493428,62001.94338230689,22835.851942627392,M,61.309735164612384,23.695739663223893,48,1101,1,0,(haul 3136)
0,42,3141,1,{{time:logotime 2018-10-01 10:30:00.000}},LRS,0,7440,5.137055850129062,3.6096000000000004,26.793383202091533,0,No,0,5.590385385173238,136.76640740125947,71631.81094566252,52557.26967570365,19074.541269958878,M,107.92617695491806,100.76339135315008,29,585,1,2,(haul 3126)
0,42,3142,1,{{time:logotime 2018-10-01 10:30:00.000}},F,816,3600,1.6355871925288805,3.8352000000000004,7.880547429910582,0,No,3600,0,145.61663224880328,82429.39058827453,59229.44852830572,23199.942059968806,M,65.95799869262534,27.51306427499334,41,1067,1,0,(haul 3139)
0,43,3142,1,{{time:logotime 2018-10-01 10:45:00.000}},F,960,3744,1.8285784542515577,4.5120000000000005,7.880547429910582,0,No,3744,0,145.61663224880328,82429.39058827453,59229.44852830572,23199.942059968806,M,65.87602816639807,26.7322851701164,41,1067,1,0,(haul 3139)
0,43,3141,1,{{time:logotime 2018-10-01 10:45:00.000}},LRS,0,7440,5.612124942738919,3.6096000000000004,26.793383202091533,0,No,0,5.590385385173238,136.76640740125947,71631.81094566252,52557.26967570365,19074.541269958878,M,107.92617695491806,100.76339135315008,29,585,1,1,(haul 3126)
0,43,3140,1,{{time:logotime 2018-10-01 10:45:00.000}},F,720,720,1.4522201042660317,1.3536000000000001,-3.0376987694592312,1,No,720,0,147.71981812351083,84837.79532493428,62001.94338230689,22835.851942627392,M,61.4623717960865,23.545401769131,48,1101,1,0,(haul 3136)
0,44,3140,1,{{time:logotime 2018-10-01 11:00:00.000}},F,720,720,1.6044106476759803,1.3536000000000001,-3.0376987694592312,1,No,720,0,147.71981812351083,84837.79532493428,62001.94338230689,22835.851942627392,M,62.16518422742632,22.776733026385028,48,1101,1,0,(haul 3136)
0,44,3142,1,{{time:logotime 2018-10-01 11:00:00.000}},F,1104,3888,2.0285562037254694,5.1888000000000005,7.880547429910582,0,No,3888,0,145.61663224880328,82429.39058827453,59229.44852830572,23199.942059968806,M,65.86409103632901,26.61495095253152,41,1067,1,0,(haul 3139)
0,44,3141,1,{{time:logotime 2018-10-01 11:00:00.000}},LRS,0,7440,6.1821806318388175,3.6096000000000004,26.793383202091533,0,No,0,5.590385385173238,136.76640740125947,71631.81094566252,52557.26967570365,19074.541269958878,M,107.92617695491806,100.76339135315008,29,585,1,0,(haul 3126)
0,45,3141,1,{{time:logotime 2018-10-01 11:15:00.000}},F,384,7824,6.7158998002798285,5.4144000000000005,26.793383202091533,0,No,384,5.590385385173238,136.76640740125947,71631.81094566252,52557.26967570365,19074.541269958878,M,107.98282494322446,100.64011179429099,29,585,1,0,(haul 3126)
0,45,3142,1,{{time:logotime 2018-10-01 11:15:00.000}},F,1200,3984,2.1988900763358576,5.640000000000001,7.880547429910582,0,No,3984,0,145.61663224880328,82429.39058827453,59229.44852830572,23199.942059968806,M,65.84162859684422,26.320759569635957,41,1067,1,0,(haul 3139)
0,45,3140,1,{{time:logotime 2018-10-01 11:15:00.000}},F,816,816,1.7634312941729213,1.8048000000000002,-3.0376987694592312,1,No,816,0,147.71981812351083,84837.79532493428,62001.94338230689,22835.851942627392,M,62.43352608054457,22.00354814422212,48,1101,1,0,(haul 3136)
0,46,3142,1,{{time:logotime 2018-10-01 11:30:00.000}},F,1344,4128,2.324426998934577,6.316800000000001,7.880547429910582,0,No,4128,0,145.61663224880328,82429.39058827453,59229.44852830572,23199.942059968806,M,65.64926202426096,25.682088441518996,41,1067,1,0,(haul 3139)
0,46,3141,1,{{time:logotime 2018-10-01 11:30:00.000}},F,816,8256,6.880485337759498,7.444800000000001,26.793383202091533,0,No,816,5.590385385173238,136.76640740125947,71631.81094566252,52557.26967570365,19074.541269958878,M,107.8666157122836,100.33403451130796,29,585,1,0,(haul 3126)
0,46,3140,1,{{time:logotime 2018-10-01 11:30:00.000}},F,912,912,1.925319136081123,2.2560000000000002,-3.0376987694592312,1,No,912,0,147.71981812351083,84837.79532493428,62001.94338230689,22835.851942627392,M,62.433537282088956,22.003368493100766,48,1101,1,0,(haul 3136)
0,47,3140,1,{{time:logotime 2018-10-01 11:45:00.000}},F,960,960,2.1582598674387117,2.4816000000000003,-3.0376987694592312,1,No,960,0,147.71981812351083,84837.79532493428,62001.94338230689,22835.851942627392,M,62.42492216885638,21.836635070648615,48,1101,1,0,(haul 3136)
0,47,3142,1,{{time:logotime 2018-10-01 11:45:00.000}},F,1344,4128,2.4907232993732396,6.316800000000001,7.880547429910582,0,No,4128,0,145.61663224880328,82429.39058827453,59229.44852830572,23199.942059968806,M,65.48324967849321,24.187977431598647,48,1102,1,0,(haul 3139)
0,47,3141,1,{{time:logotime 2018-10-01 11:45:00.000}},F,1152,8592,7.074144747838356,9.024000000000001,26.793383202091533,0,No,1152,5.590385385173238,136.76640740125947,71631.81094566252,52557.26967570365,19074.541269958878,M,107.21878874232216,99.42921447031455,29,585,1,0,(haul 3126)
0,48,3142,1,{{time:logotime 2018-10-01 12:00:00.000}},F,1392,4176,2.6501139526156705,6.542400000000001,7.880547429910582,0,No,4176,0,145.61663224880328,82429.39058827453,59229.44852830572,23199.942059968806,M,65.41576886329058,23.90775646333719,48,1102,1,0,(haul 3139)
0,48,3140,1,{{time:logotime 2018-10-01 12:00:00.000}},F,1008,1008,2.33696087054201,2.7072000000000003,-3.0376987694592312,1,No,1008,0,147.71981812351083,84837.79532493428,62001.94338230689,22835.851942627392,M,62.41323378826968,21.26729055673854,48,1101,1,0,(haul 3136)
0,48,3141,1,{{time:logotime 2018-10-01 12:00:00.000}},F,1968,9408,7.163836357270867,12.859200000000001,26.793383202091533,0,No,1968,5.590385385173238,136.76640740125947,71631.81094566252,52557.26967570365,19074.541269958878,M,106.81084958424005,98.95355672257003,29,585,1,0,(haul 3126)
0,49,3140,1,{{time:logotime 2018-10-01 12:15:00.000}},F,1008,1008,2.4880585047532993,2.7072000000000003,-3.0376987694592312,1,No,1008,0,147.71981812351083,84837.79532493428,62001.94338230689,22835.851942627392,M,62.41552020351081,19.859876178085855,48,1136,1,0,(haul 3136)
0,49,3142,1,{{time:logotime 2018-10-01 12:15:00.000}},F,1440,4224,2.787444156814975,6.768000000000001,7.880547429910582,0,No,4224,0,145.61663224880328,82429.39058827453,59229.44852830572,23199.942059968806,M,65.14178707655014,22.776019714555638,48,1102,1,0,(haul 3139)
0,49,3141,1,{{time:logotime 2018-10-01 12:15:00.000}},F,2304,9744,7.24155029773717,14.438400000000001,26.793383202091533,0,No,2304,5.590385385173238,136.76640740125947,71631.81094566252,52557.26967570365,19074.541269958878,M,105.85631735011174,98.24357786177052,29,585,1,0,(haul 3126)
0,50,3141,1,{{time:logotime 2018-10-01 12:30:00.000}},SRS,0,10512,7.322346754015939,18.048000000000002,26.793383202091533,0,No,3072,5.590385385173238,136.76640740125947,71631.81094566252,52557.26967570365,19074.541269958878,M,105.67724529951262,98.05530116157355,29,585,1,4,(haul 3126)
0,50,3142,1,{{time:logotime 2018-10-01 12:30:00.000}},F,1440,4224,2.9580731816438166,6.768000000000001,7.880547429910582,0,No,4224,0,145.61663224880328,82429.39058827453,59229.44852830572,23199.942059968806,M,65.11392743562232,21.60469783039204,48,1102,1,0,(haul 3139)
0,50,3140,1,{{time:logotime 2018-10-01 12:30:00.000}},F,1008,1008,2.598996037606577,2.7072000000000003,-3.0376987694592312,1,No,1008,0,147.71981812351083,84837.79532493428,62001.94338230689,22835.851942627392,M,62.72993291111985,18.552031720943965,48,1136,1,0,(haul 3136)
0,51,3140,1,{{time:logotime 2018-10-01 12:45:00.000}},F,1008,1008,2.7063616733602376,2.7072000000000003,-3.0376987694592312,1,No,1008,0,147.71981812351083,84837.79532493428,62001.94338230689,22835.851942627392,M,63.174128133296946,16.82163128270673,48,1136,1,0,(haul 3136)
0,51,3141,1,{{time:logotime 2018-10-01 12:45:00.000}},SRS,0,10512,7.466308989933761,18.048000000000002,26.793383202091533,0,No,3072,5.590385385173238,136.76640740125947,71631.81094566252,52557.26967570365,19074.541269958878,M,105.67724529951262,98.05530116157355,29,585,1,3,(haul 3126)
0,51,3142,1,{{time:logotime 2018-10-01 12:45:00.000}},F,1488,4272,3.108635696349008,6.993600000000001,7.880547429910582,0,No,4272,0,145.61663224880328,82429.39058827453,59229.44852830572,23199.942059968806,M,65.52889885727241,20.03886659266957,48,1137,1,0,(haul 3139)
